,precision,recall,f1-score,support
2,0.7666666666666667,1.0,0.8679245283018869,23.0
accuracy,0.7666666666666667,0.7666666666666667,0.7666666666666667,0.7666666666666667
weighted avg,0.5877777777777777,0.7666666666666667,0.6654088050314467,30.0
macro avg,0.2555555555555556,0.3333333333333333,0.289308176100629,30.0
0,0.0,0.0,0.0,2.0
1,0.0,0.0,0.0,5.0
